task_name,cluster_k,f1_per,f1_full,miou_per,miou_full,mof_per,mof_full
stone_pick_random,3,0.5990473031997681,0.5456339716911316,0.3622914254665375,0.30270713567733765,0.6565192341804504,0.6001999974250793
stone_pick_random,4,0.6583396792411804,0.6190727353096008,0.47942644357681274,0.42797860503196716,0.6793925166130066,0.6342667937278748
stone_pick_random,6,0.7655757665634155,0.6614049673080444,0.645383358001709,0.5161324143409729,0.6983984708786011,0.6081385016441345
stone_pick_random,7,0.7212880849838257,0.6115068793296814,0.6561108827590942,0.5197030901908875,0.6756439208984375,0.590448796749115
