number,expected_value,actual_value
530,0.8608147263526916,0.5551591396331788
555,0.7842100262641908,0.7803816914558411
555,0.7842100262641908,0.7807883024215699
555,0.7842100262641908,0.7831477880477905
555,0.7842100262641908,0.7803816914558411
