cluster_k,f1_per,f1_full,miou_per,miou_full,mof_per,mof_full
3,0.658826470375061,0.6684133410453796,0.5408282279968262,0.5211072564125061,0.6179388761520386,0.5873278975486755
