run_num,test_f1_full,test_f1_per,test_miou_full,test_miou_per,test_mof_full,test_mof_per
2,0.8398391604423523,0.9322360754013062,0.7090151309967041,0.73206627368927,0.8300778865814209,0.8338720798492432
3,0.8398391604423523,0.9322360754013062,0.7090151309967041,0.73206627368927,0.8300778865814209,0.8338720798492432
4,0.8398391604423523,0.9322360754013062,0.7090151309967041,0.73206627368927,0.8300778865814209,0.8338720798492432
5,0.8398391604423523,0.9322360754013062,0.7090151309967041,0.73206627368927,0.8300778865814209,0.8338720798492432
