number,expected_value,actual_value
1550,0.7136253595352173,0.7136253595352173
