run_num,test_f1_full,test_f1_per,test_miou_full,test_miou_per,test_mof_full,test_mof_per
1,0.7727432250976562,0.8006458878517151,0.5846777558326721,0.6432501673698425,0.7095261812210083,0.7399112582206726
2,0.7489076256752014,0.7894877791404724,0.5658572316169739,0.6283937692642212,0.690336287021637,0.7273134589195251
3,0.7421426177024841,0.784271776676178,0.5544987320899963,0.6252495646476746,0.6790848970413208,0.7278423309326172
4,0.7489076256752014,0.7894877791404724,0.5658572316169739,0.6283937692642212,0.690336287021637,0.7273134589195251
5,0.7555391192436218,0.7904213666915894,0.5675194263458252,0.6294823884963989,0.6939617395401001,0.7299114465713501
